,vp,tour,nbCoup/byTurnW2,nbCoup/byTurnW3,nbCoup/byTurnW4,nbCoup/byTurnW5,nbCoup/byTurnW6,nbCoup/byTurnW7
4,0.14898499107275695,4.057291666666666,,,1.5364583333333333,1.378125,2.0930555555555554,1.4445436507936509
5,0.15031370346598175,3.5635416666666666,,,,1.1104166666666666,1.9963541666666667,1.247247023809524
6,0.14211842600231714,5.731944444444445,,,,,1.7458333333333333,1.0809771825396826
2,0.15018315018315012,4.5625,2.6875,2.5416666666666665,2.1666666666666665,1.7072916666666667,2.412673611111111,1.6864831349206348
7,0.13854018664032478,3.9578869047619047,,,,,,0.9264880952380953
3,0.14407155830676843,4.479166666666667,,2.125,1.8697916666666667,1.5333333333333334,2.3411458333333335,1.5981150793650793
8,0.1350351652950018,5.723294890873016,,,,,,
1,,,3.1875,2.8333333333333335,2.3229166666666665,1.8947916666666667,2.5722222222222224,1.792485119047619
