order,Vp,numberOfTurn,0,1
"A0,A1",0.14285714285714285,4,True,True
"A1,A0",0.14285714285714285,4,True,True
